pu_borough,pickup_hour,trip_count,median_duration_min,median_speed_mph,avg_trip_distance_miles,avg_duration_min,avg_speed_mph
Bronx,0,257,14.12,19.84,5.707,16.06,19.8
Bronx,1,133,14.0,15.49,4.857,15.14,17.54
Bronx,2,111,13.95,18.91,5.115,15.95,19.32
Bronx,3,113,14.1,21.38,5.55,14.79,21.32
Bronx,4,306,17.23,20.14,7.744,22.61,21.58
Bronx,5,610,27.77,18.1,9.566,32.74,19.19
Bronx,6,1223,29.0,16.79,9.017,34.3,17.43
Bronx,7,1570,28.28,13.33,7.459,33.22,14.2
Bronx,8,1349,26.23,11.61,6.757,33.28,12.69
Bronx,9,831,30.43,12.23,7.625,36.96,13.35
Bronx,10,601,31.83,11.87,7.865,38.09,13.47
Bronx,11,593,35.15,11.75,8.508,40.59,15.21
Bronx,12,595,33.45,11.52,8.202,38.65,13.29
Bronx,13,579,31.52,12.07,8.093,37.42,13.42
Bronx,14,640,29.64,11.9,7.679,37.02,13.14
Bronx,15,511,30.15,11.12,7.478,37.51,12.16
Bronx,16,403,32.7,10.42,7.214,38.47,11.36
Bronx,17,410,27.33,10.93,7.021,35.52,11.61
Bronx,18,310,21.23,12.46,6.522,27.82,13.49
Bronx,19,245,19.05,13.81,6.732,25.98,15.53
Bronx,20,270,16.98,16.95,6.752,21.74,17.95
Bronx,21,234,19.09,18.27,7.527,23.7,19.41
Bronx,22,367,16.0,19.59,6.271,18.03,19.79
Bronx,23,430,15.99,20.58,6.247,17.01,20.98
Brooklyn,0,2001,17.65,13.7,5.037,18.59,15.74
Brooklyn,1,1515,17.85,13.94,4.969,18.45,15.67
Brooklyn,2,1279,17.85,14.41,5.217,18.68,16.14
Brooklyn,3,1123,18.17,15.1,5.757,19.23,17.06
Brooklyn,4,1232,18.48,15.24,6.145,20.6,17.4
Brooklyn,5,1419,24.62,13.8,7.405,29.12,15.93
Brooklyn,6,2558,27.75,12.7,7.197,32.68,14.11
Brooklyn,7,4297,26.38,10.3,5.785,31.43,11.63
Brooklyn,8,4876,27.1,9.35,5.412,31.56,10.6
Brooklyn,9,3552,26.68,8.87,5.279,31.04,10.49
Brooklyn,10,2554,28.59,8.92,5.847,33.51,10.66
Brooklyn,11,2431,28.28,8.99,5.766,33.99,10.44
Brooklyn,12,2513,27.22,9.27,5.878,32.96,10.9
Brooklyn,13,2438,26.83,9.19,5.669,32.64,10.6
Brooklyn,14,2590,24.32,9.23,5.201,30.45,10.41
Brooklyn,15,2411,25.38,9.02,5.146,31.03,10.07
Brooklyn,16,1748,24.97,9.36,5.475,31.75,10.3
Brooklyn,17,2092,23.3,9.52,4.76,27.81,10.32
Brooklyn,18,2298,20.73,10.02,4.365,23.69,10.79
Brooklyn,19,1878,19.26,10.55,4.708,23.03,11.77
Brooklyn,20,1721,17.92,11.49,4.84,20.79,13.59
Brooklyn,21,1637,17.77,12.02,4.786,19.05,14.28
Brooklyn,22,2384,18.3,12.86,5.031,19.41,14.87
Brooklyn,23,2627,18.02,13.34,5.066,18.98,15.28
EWR,7,1,2.02,4.46,0.15,2.02,4.46
EWR,12,1,40.07,25.7,17.16,40.07,25.7
EWR,13,1,8.77,27.38,4.0,8.77,27.38
EWR,14,1,41.1,37.74,25.85,41.1,37.74
EWR,15,4,25.2,27.82,10.143,20.54,23.81
EWR,16,4,43.32,21.32,17.628,46.32,24.1
EWR,17,1,30.27,32.13,16.21,30.27,32.13
EWR,23,3,35.47,27.91,16.343,36.28,27.14
Manhattan,0,74073,10.23,11.58,2.527,11.74,12.39
Manhattan,1,53324,10.2,11.86,2.559,11.63,12.65
Manhattan,2,36626,9.97,12.32,2.64,11.4,13.11
Manhattan,3,22641,9.73,13.14,2.934,11.33,14.2
Manhattan,4,14252,10.38,14.64,4.107,12.61,16.78
Manhattan,5,14770,8.78,14.8,4.136,11.95,17.25
Manhattan,6,36343,8.73,12.98,2.997,10.96,14.53
Manhattan,7,81181,9.92,10.63,2.521,11.93,11.88
Manhattan,8,118065,10.9,9.02,2.267,12.76,10.15
Manhattan,9,123058,10.88,8.79,2.202,12.86,9.92
Manhattan,10,128080,10.87,8.63,2.162,12.94,9.66
Manhattan,11,140394,11.2,8.34,2.173,13.29,9.31
Manhattan,12,152256,11.15,8.32,2.191,13.3,9.24
Manhattan,13,160880,11.5,8.29,2.273,13.65,9.2
Manhattan,14,172042,11.53,8.18,2.274,13.89,9.03
Manhattan,15,181253,11.43,8.2,2.2,13.82,8.9
Manhattan,16,180065,11.17,8.44,2.159,13.57,9.02
Manhattan,17,208293,11.4,8.35,2.064,13.4,8.87
Manhattan,18,216828,11.0,8.66,1.994,12.65,9.17
Manhattan,19,180535,10.53,9.27,2.045,12.05,9.85
Manhattan,20,164156,10.47,10.05,2.225,11.87,10.77
Manhattan,21,173310,10.72,10.38,2.305,12.09,11.02
Manhattan,22,150415,10.85,10.61,2.396,12.27,11.27
Manhattan,23,107365,10.52,11.21,2.48,11.89,11.99
Queens,0,9132,23.33,29.23,11.91,24.4,28.81
Queens,1,3805,21.63,29.54,11.042,22.59,28.35
Queens,2,1712,18.72,28.01,9.584,19.96,26.97
Queens,3,1337,17.7,26.63,8.9,19.55,26.13
Queens,4,1866,17.4,24.98,8.448,19.24,25.56
Queens,5,3396,23.54,28.29,11.388,26.03,27.76
Queens,6,5846,29.97,21.12,11.685,33.16,22.57
Queens,7,8759,32.08,17.42,11.3,37.19,19.74
Queens,8,8254,32.38,17.43,10.662,35.18,19.42
Queens,9,8440,30.41,20.99,11.047,31.7,22.13
Queens,10,10304,29.07,22.01,11.212,30.67,22.93
Queens,11,9393,29.7,22.6,11.492,31.29,22.99
Queens,12,11351,29.73,22.88,11.712,31.2,23.27
Queens,13,12704,31.0,22.15,11.841,32.54,22.37
Queens,14,16430,34.49,20.16,11.971,36.14,20.38
Queens,15,17892,38.0,19.1,12.429,39.4,19.47
Queens,16,18518,40.73,19.33,12.942,40.81,19.58
Queens,17,16207,36.77,20.01,12.469,38.03,20.07
Queens,18,14739,32.17,22.38,12.221,33.24,22.28
Queens,19,15884,29.72,26.1,12.82,29.93,25.7
Queens,20,16484,27.06,27.81,12.668,27.6,27.45
Queens,21,16967,25.98,28.56,12.507,26.53,28.15
Queens,22,15601,25.3,27.07,12.348,28.01,27.03
Queens,23,15101,23.05,27.66,11.899,25.66,27.7
Staten Island,0,7,21.73,28.83,10.031,20.88,30.91
Staten Island,1,2,38.53,27.27,17.305,38.53,27.27
Staten Island,2,3,7.45,20.54,4.563,12.87,18.32
Staten Island,3,4,12.31,21.15,4.233,12.05,20.36
Staten Island,4,4,22.48,34.03,12.065,21.2,34.28
Staten Island,5,9,31.87,27.64,12.614,27.55,25.81
Staten Island,6,10,27.71,24.55,11.942,29.15,24.81
Staten Island,7,26,31.79,16.73,10.455,35.24,18.71
Staten Island,8,22,24.68,17.15,7.36,30.38,16.03
Staten Island,9,3,22.87,27.37,9.957,26.72,28.78
Staten Island,10,5,11.93,17.64,7.702,29.35,24.54
Staten Island,11,9,19.62,19.26,10.539,28.3,25.9
Staten Island,12,5,16.13,30.05,7.022,23.19,27.69
Staten Island,13,23,12.1,36.42,6.728,18.33,32.71
Staten Island,14,13,11.83,35.6,8.495,14.49,37.97
Staten Island,15,13,12.33,37.73,5.245,14.33,31.69
Staten Island,16,6,21.22,33.05,9.317,23.86,28.85
Staten Island,17,2,12.68,36.85,7.775,12.68,36.85
Staten Island,18,3,8.65,22.73,5.433,14.93,25.63
Staten Island,19,2,43.16,22.98,17.045,43.16,22.98
Staten Island,20,3,23.93,13.91,9.67,22.68,18.75
Staten Island,21,5,11.53,19.13,3.428,11.02,17.93
Staten Island,22,6,20.8,23.08,9.782,22.23,25.15
Staten Island,23,12,16.02,24.25,10.38,20.79,26.75
